cluster idx,region,area
14,insula,2.3643698692321777
15,insula,25.83744239807129
16,entorhinal,16.94780731201172
17,entorhinal,10.654468536376953
