cluster idx,region,area
18,insula,0.3910008668899536
19,insula,5.978469769159953
20,entorhinal,5.545661290486654
