cluster idx,region,area
1,postcentral,2436.595703125
1,precentral,1373.142578125
1,superiorparietal,218.92959594726562
1,supramarginal,24.761577606201172
2,inferiorparietal,312.2739562988281
2,supramarginal,498.72430419921875
3,superiorfrontal,55.22483444213867
4,inferiorparietal,23.90646743774414
5,precentral,29.981191635131836
