cluster idx,coord-x,coord-y,coord-z,peak value,area,annot
1,-24.864906311035156,-24.359193801879883,61.40803909301758,0.932699978351593,3629.0097893178463,precentral
2,-46.514381408691406,-45.59048080444336,46.90850067138672,0.7660999894142151,373.80345061421394,supramarginal
3,-6.23425817489624,33.48373031616211,35.66360092163086,0.5105999708175659,35.23876519997915,superiorfrontal
4,-41.14890670776367,-64.80416870117188,17.229373931884766,0.5016999840736389,7.320547103881837,inferiorparietal
5,-56.218177795410156,-3.5980820655822754,37.077880859375,0.5031999945640564,30.92321288585663,precentral
