cluster idx,region,area
1,postcentral,2176.025215556224
1,precentral,1290.9079531033835
1,superiorparietal,149.04396861791614
1,supramarginal,13.03265204032262
2,inferiorparietal,137.34072469671568
2,supramarginal,236.46272591749826
3,superiorfrontal,35.23876519997915
4,inferiorparietal,7.320547103881837
5,precentral,30.92321288585663
