cluster idx,coord-x,coord-y,coord-z,peak value,area,annot
1,-24.864906311035156,-24.359193801879883,61.40803909301758,-0.932699978351593,87622.3359375,precentral
